lat,lon,valor,tipo
"-34,8725605","-58,5453802",157,CASA
"-34,7822915","-58,9779845",1,CASA
"-34,5949869","-58,3919693",55,CASA
"-34,5418407","-58,4643554",679,CASA
"-34,4845798","-58,6156086",542,CASA
"-34,4804573","-58,5904553","2335,5",CASA
"-34,4799231","-58,553246",508,CASA
"-34,4751117","-58,5784396",450,CASA
"-34,4742351","-58,5766166",1024,CASA
"-34,4734418","-58,5912452",1046,CASA
"-34,4721599","-58,5937092",382,CASA
"-34,4707216","-58,57414",683,CASA
"-34,4706239","-58,5753078",572,CASA
"-34,4706","-58,594911",812,CASA
"-34,4705903","-58,5766987",625,CASA
"-34,470554","-58,5875043",300,CASA
"-34,468409","-58,5802739","832,5",CASA
"-34,4680533","-58,5875914",907,CASA
"-34,4678606","-58,5711069",552,CASA
"-34,4676795","-58,5716934",400,CASA
"-34,4675357","-58,558502",1832,CASA
"-34,4671049","-58,5712889",675,CASA
"-34,4669922","-58,5600051",866,CASA
"-34,4668592","-58,5661639",883,CASA
"-34,4664572","-58,5561991",576,CASA
"-34,4663248","-58,5790333",375,CASA
"-34,466231","-58,5562944","765,5",CASA
"-34,4661734","-58,5563082",790,CASA
"-34,4654525","-58,5583305",2391,CASA
"-34,4650722","-58,5543954",942,CASA
"-34,4649919","-58,5745376",0,CASA
"-34,46485","-58,5565248",756,CASA
"-34,464477","-58,581548",567,CASA
"-34,4642642","-58,5643151",1106,CASA
"-34,4633333","-58,5649024",775,CASA
"-34,4631934","-58,5640057",545,CASA
"-34,4629533","-58,573324",508,CASA
"-34,462615","-58,559319",468,CASA
"-34,4624689","-58,5518604",821,CASA
"-34,4622327","-58,5650253",600,CASA
"-34,4610616","-58,5545943",950,CASA
"-34,4610393","-58,5630088",793,CASA
"-34,4610247","-58,5632975",739,CASA
"-34,4606637","-58,5459094",474,CASA
"-34,4605995","-58,564075",552,CASA
"-34,4605773","-58,5643303",705,CASA
"-34,4604272","-58,5610215",1409,CASA
"-34,4596421","-58,5431582",502,CASA
"-34,4596252","-58,5680428",108,CASA
"-34,4596086","-58,5661592",475,CASA
"-34,4593945","-58,5433762",501,CASA
"-34,4593903","-58,5436261",1013,CASA
"-34,459135","-58,5731736",1303,CASA
"-34,4591179","-58,5719907",431,CASA
"-34,4588445","-58,5421105",730,CASA
"-34,4588154","-58,569048",875,CASA
"-34,4587469","-58,5419868",733,CASA
"-34,4584301","-58,5402078",502,CASA
"-34,4576329","-58,5856681",851,CASA
"-34,4575078","-58,585378",523,CASA
"-34,457507","-58,585378",523,CASA
"-34,4574483","-58,5576202999999",405,CASA
"-34,4573056","-58,5852926","878,5",CASA
"-34,457305","-58,585292",1639,CASA
"-34,4571315","-58,5852972","701,5",CASA
"-34,4570389","-58,5629845",650,CASA
"-34,456908","-58,5498135",429,CASA
"-34,456897","-58,5559422",579,CASA
"-34,456441","-58,5359914",992,CASA
"-34,4561339","-58,5465058",548,CASA
"-34,4559948","-58,5392237",669,CASA
"-34,4558729","-58,5560565",338,CASA
"-34,4557973","-58,5388204",1120,CASA
"-34,4555421","-58,5340436",2016,CASA
"-34,4552187","-58,5711698",1077,CASA
"-34,4552043","-58,5344074",1852,CASA
"-34,4551094","-58,5505735",975,CASA
"-34,4549831","-58,5330588",2252,CASA
"-34,454865","-58,5342211",1181,CASA
"-34,4548368","-58,572097",0,CASA
"-34,4548191","-58,5643496",274,CASA
"-34,4548073","-58,5619469",434,CASA
"-34,4547727","-58,5718013",381,CASA
"-34,4547491","-58,5638322",533,CASA
"-34,4547353","-58,5322838",992,CASA
"-34,4547189","-58,5371405",1679,CASA
"-34,454549","-58,537291",521,CASA
"-34,4541939","-58,5445488",1412,CASA
"-34,4540786","-58,5668729",208,CASA
"-34,454074","-58,554772",700,CASA
"-34,4540535","-58,5449032",833,CASA
"-34,454049","-58,551666",544,CASA
"-34,453869","-58,54773",521,CASA
"-34,4538024","-58,5590697",1240,CASA
"-34,453739","-58,5274383",996,CASA
"-34,4536202","-58,6110319",971,CASA
"-34,45315","-58,5459756",721,CASA
"-34,4529847","-58,5469166",1050,CASA
"-34,4529216","-58,5337997",1000,CASA
"-34,4528685","-58,5598632",632,CASA
"-34,4528465","-58,5223274",1051,CASA
"-34,4527464","-58,5293652",718,CASA
"-34,4526117","-58,5490011",610,CASA
"-34,4526083","-58,5505577",724,CASA
"-34,452556","-58,546409",614,CASA
"-34,45255","-58,55292",759,CASA
"-34,452537","-58,532295",1071,CASA
"-34,4524856","-58,5536077",708,CASA
"-34,4524852","-58,5383259",1104,CASA
"-34,4524761","-58,5383658",1000,CASA
"-34,452406","-58,5426317",888,CASA
"-34,4522743","-58,5436668",980,CASA
"-34,452258","-58,531124",1070,CASA
"-34,4521328","-58,5324781",994,CASA
"-34,4520335","-58,5481999",1219,CASA
"-34,4519454","-58,5732264",617,CASA
"-34,4517278","-58,5461178",951,CASA
"-34,4517056","-58,5314244",1027,CASA
"-34,4516643","-58,5397381",978,CASA
"-34,4516461","-58,5292216",865,CASA
"-34,45164","-58,539036",759,CASA
"-34,4516065","-58,5445778",508,CASA
"-34,451573","-58,531299",1027,CASA
"-34,4515013","-58,5260296",649,CASA
"-34,4514115","-58,5542675",776,CASA
"-34,4513136","-58,5448107",1593,CASA
"-34,4512633","-58,5342315",1695,CASA
"-34,451176","-58,5451516",1295,CASA
"-34,4511538","-58,5363497",2453,CASA
"-34,4510991","-58,5393178",974,CASA
"-34,451087","-58,545214",1742,CASA
"-34,4510702","-58,5438661",1014,CASA
"-34,4510185","-58,5383782",1900,CASA
"-34,450945","-58,534095",2036,CASA
"-34,4509217","-58,5548961",483,CASA
"-34,450891","-58,547005",914,CASA
"-34,4508696","-58,540711",1313,CASA
"-34,450766","-58,533461",1695,CASA
"-34,4506912","-58,5695229",350,CASA
"-34,450604","-58,52894",1286,CASA
"-34,4505904","-58,5408555",1064,CASA
"-34,4505875","-58,5410742",848,CASA
"-34,4505599","-58,5270851",750,CASA
"-34,450556","-58,562603",574,CASA
"-34,4505425","-58,5262847",0,CASA
"-34,450497","-58,534803",1446,CASA
"-34,450421","-58,558868",419,CASA
"-34,450404","-58,536147",1125,CASA
"-34,4503962","-58,5775392",327,CASA
"-34,4503781","-58,534391",1052,CASA
"-34,4503655","-58,5345446",1076,CASA
"-34,4503534","-58,5291821",981,CASA
"-34,450282","-58,5537",711,CASA
"-34,4501856","-58,5484801",1217,CASA
"-34,4501553","-58,5465944",1410,CASA
"-34,4500778","-58,5377115",1511,CASA
"-34,450028","-58,5421296",485,CASA
"-34,4500224","-58,5350015",1337,CASA
"-34,4499931","-58,5451469",865,CASA
"-34,4499126","-58,5619077",300,CASA
"-34,449861","-58,5700883",300,CASA
"-34,449794","-58,5620757",251,CASA
"-34,4496768","-58,5334958",1106,CASA
"-34,449676","-58,533495",1038,CASA
"-34,4496757","-58,5396179",1575,CASA
"-34,4496424","-58,5395645",1575,CASA
"-34,4496408","-58,5412919",751,CASA
"-34,4495958","-58,5460006",784,CASA
"-34,4495741","-58,5584676",281,CASA
"-34,4495531","-58,5501815",16,CASA
"-34,4493399","-58,5777442",258,CASA
"-34,4493135","-58,5545383",714,CASA
"-34,4493117","-58,5493458",925,CASA
"-34,4493104","-58,5383366",1653,CASA
"-34,4491789","-58,5242142",1771,CASA
"-34,4491189","-58,5479054",982,CASA
"-34,449041","-58,5406416",1789,CASA
"-34,4489456","-58,5388026",1188,CASA
"-34,4489444","-58,5346438",653,CASA
"-34,4489374","-58,5334971",744,CASA
"-34,4488811","-58,538252",860,CASA
"-34,4488704","-58,5262919",1101,CASA
"-34,4488613","-58,5324758",635,CASA
"-34,4488376","-58,5405477",607,CASA
"-34,4488316","-58,5329188",668,CASA
"-34,4487344","-58,5326429",635,CASA
"-34,4487305","-58,5540009",403,CASA
"-34,448725","-58,559336",396,CASA
"-34,4486986","-58,5431689",636,CASA
"-34,4486466","-58,5608978",573,CASA
"-34,4486458","-58,5358042",958,CASA
"-34,4486241","-58,542629",627,CASA
"-34,4486206","-58,5435312",1737,CASA
"-34,4486008","-58,5593786",396,CASA
"-34,4485285","-58,5593482",422,CASA
"-34,4484498","-58,526017",1120,CASA
"-34,4484335","-58,5426159",627,CASA
"-34,4484153","-58,539898",512,CASA
"-34,4483738","-58,5443311",944,CASA
"-34,4482901","-58,5246477",1260,CASA
"-34,4482602","-58,5507355",708,CASA
"-34,448244","-58,5371926",1731,CASA
"-34,448213","-58,549184",791,CASA
"-34,4480815","-58,5791253",343,CASA
"-34,448076","-58,541937",822,CASA
"-34,448018","-58,541593",1087,CASA
"-34,4480082","-58,5610657",444,CASA
"-34,4479949","-58,5499021",1041,CASA
"-34,4478857","-58,5364776",1465,CASA
"-34,4476229","-58,5342278",754,CASA
"-34,447608","-58,54509",709,CASA
"-34,4474764","-58,5344481",1154,CASA
"-34,4474453","-58,548475",1041,CASA
"-34,4474167","-58,5364532",1432,CASA
"-34,447386","-58,5401211",2246,CASA
"-34,4470962","-58,5275388",890,CASA
"-34,4470526","-58,5811612",301,CASA
"-34,4470203","-58,5536944",1073,CASA
"-34,4469532","-58,5274835",887,CASA
"-34,4468472","-58,5372267",598,CASA
"-34,4468193","-58,5419616",1873,CASA
"-34,4467082","-58,5540665",1638,CASA
"-34,4467081","-58,5540675",1236,CASA
"-34,446639","-58,5410691",857,CASA
"-34,4466188","-58,5536791",767,CASA
"-34,4466007","-58,5374969",1173,CASA
"-34,4465828","-58,5349606",1500,CASA
"-34,4465024","-58,5575486",59,CASA
"-34,446239","-58,556251",868,CASA
"-34,4461939","-58,5490808",564,CASA
"-34,446123","-58,562156",528,CASA
"-34,4459617","-58,5441341",7,CASA
"-34,445919","-58,5617561",743,CASA
"-34,4457703","-58,5521649",500,CASA
"-34,4457697","-58,537762",1877,CASA
"-34,4456003","-58,5341451",1212,CASA
"-34,4455833","-58,5438582",595,CASA
"-34,4455799","-58,5413979",849,CASA
"-34,4454741","-58,5461428",1724,CASA
"-34,4454699","-58,5525039",1244,CASA
"-34,4453789","-58,5701292",172,CASA
"-34,4452611","-58,5375861",1354,CASA
"-34,4452589","-58,5398152",1390,CASA
"-34,4452482","-58,5419461",658,CASA
"-34,4451885","-58,5419957",658,CASA
"-34,4450615","-58,5422158",778,CASA
"-34,4450455","-58,5384478",2467,CASA
"-34,445029","-58,540344",2135,CASA
"-34,4449676","-58,549538",1975,CASA
"-34,4449029","-58,5413798",900,CASA
"-34,4448995","-58,5684346",484,CASA
"-34,4448579999999","-58,5383979",2552,CASA
"-34,444795","-58,5463685",882,CASA
"-34,4447603","-58,5506377",1543,CASA
"-34,4446881","-58,5441021",0,CASA
"-34,4446449","-58,556675",768,CASA
"-34,4445551","-58,5463292",0,CASA
"-34,44453","-58,55496",13,CASA
"-34,4444961","-58,5497932",1250,CASA
"-34,4443583","-58,5435446",1237,CASA
"-34,444334","-58,560454",955,CASA
"-34,4443237","-58,5476553",0,CASA
"-34,444259","-58,547953",1129,CASA
"-34,4441961","-58,5394411",2667,CASA
"-34,4441632","-58,5394628","1711,33",CASA
"-34,4441496","-58,558502",942,CASA
"-34,444148","-58,5600509",457,CASA
"-34,4439746","-58,5551186",1073,CASA
"-34,443858","-58,554546",1696,CASA
"-34,4438171","-58,5545044",1258,CASA
"-34,4437637","-58,5544167",774,CASA
"-34,4437133","-58,5394142",3140,CASA
"-34,4435753","-58,5439806",1967,CASA
"-34,443522","-58,5505",1286,CASA
"-34,4434677","-58,5503678",1285,CASA
"-34,4433693","-58,5706597",775,CASA
"-34,4432125","-58,5583326",13,CASA
"-34,443061","-58,557964",0,CASA
"-34,4430236","-58,5366945",2000,CASA
"-34,4430156","-58,5647277",797,CASA
"-34,44294","-58,555412",1458,CASA
"-34,4428604","-58,570198",286,CASA
"-34,4426782","-58,5517245",685,CASA
"-34,4426491","-58,5443732",1219,CASA
"-34,4425094","-58,5427331",1700,CASA
"-34,4424485","-58,540503","1165,5",CASA
"-34,4424122","-58,5462191",1091,CASA
"-34,4423673","-58,5641262",1050,CASA
"-34,4422625","-58,5609165",1320,CASA
"-34,442229","-58,5426141",1700,CASA
"-34,4421639","-58,5693933",1160,CASA
"-34,4421399","-58,5630784",1170,CASA
"-34,442128","-58,545583",894,CASA
"-34,442083","-58,545387",605,CASA
"-34,4419664","-58,5501471",557,CASA
"-34,4419553","-58,5523934",725,CASA
"-34,4418572","-58,5654537",336,CASA
"-34,4417545","-58,5690791",289,CASA
"-34,4416199","-58,5445546",1000,CASA
"-34,4415665","-58,5402832",2583,CASA
"-34,4415222","-58,5486302",1183,CASA
"-34,4414265","-58,5495551",521,CASA
"-34,4413566","-58,5514872",1133,CASA
"-34,4409757","-58,5539804",892,CASA
"-34,4408213","-58,5647919",1154,CASA
"-34,4407944","-58,5664299",227,CASA
"-34,4407861","-58,5690805",335,CASA
"-34,4406777","-58,5506268",1100,CASA
"-34,440629","-58,5523865",1190,CASA
"-34,4406218","-58,5538671",1136,CASA
"-34,4405531","-58,5513326",1506,CASA
"-34,4405371","-58,5649327",680,CASA
"-34,4403986","-58,5540543",890,CASA
"-34,4403229","-58,5609469",798,CASA
"-34,440315","-58,555629",1127,CASA
"-34,440285","-58,556016",778,CASA
"-34,4402637","-58,5510705",1287,CASA
"-34,4401859","-58,5568571",1054,CASA
"-34,4401478","-58,5713737",389,CASA
"-34,4401169","-58,5549227",1260,CASA
"-34,4399639","-58,5595127",1361,CASA
"-34,4398642","-58,5533343",988,CASA
"-34,4398185","-58,5648656",802,CASA
"-34,439599","-58,5623448",1696,CASA
"-34,4395821","-58,536782",909,CASA
"-34,4395453","-58,55201",1090,CASA
"-34,4395192","-58,5557151",675,CASA
"-34,4392659","-58,5547615","2033,5",CASA
"-34,4390626","-58,5641806",1000,CASA
"-34,4390578","-58,5528751",632,CASA
"-34,4390198","-58,5525296",521,CASA
"-34,4389612","-58,5611273",892,CASA
"-34,4389563","-58,5611143",863,CASA
"-34,4388645","-58,5508918",500,CASA
"-34,4386356","-58,5663149",521,CASA
"-34,438632","-58,5663118",495,CASA
"-34,438588","-58,5663655",542,CASA
"-34,4384596","-58,5570534",614,CASA
"-34,4382852","-58,5553145",667,CASA
"-34,4381964","-58,5571204",1190,CASA
"-34,4379201","-58,5541227",777,CASA
"-34,4376065","-58,5594622",1250,CASA
"-34,4373941","-58,5653914",827,CASA
"-34,4373691","-58,5597647",1250,CASA
"-34,4373389","-58,5569227",1303,CASA
"-34,4371517","-58,5549108",861,CASA
"-34,4371501","-58,5565079",917,CASA
"-34,4371026","-58,5566168",826,CASA
"-34,4370495","-58,556531",933,CASA
"-34,4370216","-58,5562824",801,CASA
"-34,4370015","-58,5666732",885,CASA
"-34,4368031","-58,5590136",1466,CASA
"-34,4366181","-58,5573537",637,CASA
"-34,4364678","-58,5687559",1311,CASA
"-34,4364477","-58,5557005",801,CASA
"-34,4363441","-58,5553702",934,CASA
"-34,436098","-58,557942",658,CASA
"-34,4360584","-58,5658323",1560,CASA
"-34,4359897","-58,5502247",433,CASA
"-34,4355184","-58,5589979",753,CASA
"-34,4354228","-58,5582503",675,CASA
"-34,435233","-58,559616",728,CASA
"-34,434525","-58,553482",1194,CASA
"-34,4342604","-58,5540709",755,CASA
"-34,433868","-58,5573677",249,CASA
"-34,4200983","-58,5816652",544,CASA
"-34,4057106","-58,5572393",85,CASA
"-34,404178","-58,6576694",1014,CASA
"-34,2789969","-58,5806374",6,CASA
"-34,2659838","-58,6282708",30,CASA
"-34,2548399","-58,6044216",889,CASA
"-34,2504861","-58,6500821",33,CASA
"-34,2500534","-58,6490936",32,CASA
"-34,2454262","-58,7083964",147,CASA
"-34,2344042","-58,5671469",1,CASA
"-34,2257437","-58,5936497",1,CASA
"-34,2182829","-58,7097979",1000,CASA
"-34,0512568","-58,8400126",4000,CASA
"-34,4662417","-58,5556463",790,CASA S\E
"-34,4601376","-58,5672825",750,CASA S\E
"-34,4590642","-58,5734955",855,CASA S\E
"-34,4547188","-58,5392727",1295,CASA S\E
"-34,4520212","-58,5459681",1618,CASA S\E
"-34,4501485","-58,537207",1067,CASA S\E
"-34,4486101","-58,531453",1163,CASA S\E
"-34,2834855","-58,5896952",814,CASA S\E
"-34,2726092","-58,5856247",600,CASA S\E
"-34,4421821","-58,5424772","3040,25",CASA S\E-DEPTO-TRIPLEX-Terreno
"-34,4629168","-58,5579676",929,CASA\CHACRA
"-34,462916","-58,557967",1921,CASA\CHACRA
"-34,4626418","-58,5580846",1567,CASA\CHACRA
"-34,4625699","-58,5574148",750,CASA\CHACRA
"-34,462569","-58,557414",1958,CASA\CHACRA
"-34,46237","-58,558156",1066,CASA\CHACRA
"-34,461702","-58,557629",1563,CASA\CHACRA
"-34,4420388","-58,5552624",1420,CASA\CHACRA
"-34,4706259","-58,5753094",408,CASA\COCHERA
"-34,4589953","-58,5644483",343,CASA\COCHERA
"-34,4512764","-58,536416",2190,CASA\COCHERA
"-34,4503556","-58,5412471",1054,CASA\COCHERA
"-34,4490314","-58,5553446",362,CASA\COCHERA
"-34,4485927","-58,5487354",1064,CASA\COCHERA
"-34,4480515","-58,5321159",1103,CASA\COCHERA
"-34,4443814","-58,5484221",1701,CASA\COCHERA
"-34,4396686","-58,5562838",1148,CASA\COCHERA
"-34,4470985","-58,5491007",1120,CASA\COCHERA\DUPLEX
"-34,4470025","-58,5520709","631,5",CASA\COCHERA-CASA\Terreno
"-34,4573012","-58,5852926","813,5",CASA\COCHERA-Terreno
"-34,5776944","-58,5081909",1115,CASA\DEPTO
"-34,4662736","-58,5815627",666,CASA\DEPTO
"-34,4656154","-58,5745105999999",828,CASA\DEPTO
"-34,4605302","-58,5626592",337,CASA\DEPTO
"-34,4602527","-58,5588793",767,CASA\DEPTO
"-34,4598483","-58,5566174",710,CASA\DEPTO
"-34,45963","-58,5590246",1022,CASA\DEPTO
"-34,4594593","-58,5590918",692,CASA\DEPTO
"-34,4592747","-58,5567705",676,CASA\DEPTO
"-34,4591541","-58,5430996",644,CASA\DEPTO
"-34,4590067","-58,5588237",1145,CASA\DEPTO
"-34,4507807","-58,5691194",640,CASA\DEPTO
"-34,4503075","-58,5676003",299,CASA\DEPTO
"-34,4482405","-58,5586789",396,CASA\DEPTO
"-34,434029","-58,5575646",960,CASA\DEPTO
"-34,4491574","-58,5541647",481,CASA\DEPTO\Terreno
"-34,450527","-58,539815",1591,CASA\DUPLEX
"-34,4439","-58,553141",1301,CASA\DUPLEX
"-34,4416608","-58,557263",1711,CASA\DUPLEX
"-34,436812","-58,557117",1253,CASA\DUPLEX
"-34,4716471","-58,5955858",864,CASA\LOCAL
"-34,4563589","-58,5634535",700,CASA\LOCAL
"-34,452025","-58,532703",642,CASA\LOCAL
"-34,4512694","-58,5714255",761,CASA\LOCAL
"-34,4509896","-58,5706338",1163,CASA\LOCAL
"-34,4492748","-58,5741071",1133,CASA\LOCAL
"-34,4487","-58,5484161",1052,CASA\LOCAL
"-34,4395315","-58,5681538",385,CASA\LOCAL
"-34,4664067","-58,5562483",835,CASA\Terreno
"-34,466211","-58,5763438",674,CASA\Terreno
"-34,46462","-58,561009",412,CASA\Terreno
"-34,4645786","-58,5615354",583,CASA\Terreno
"-34,4639051","-58,5664764",775,CASA\Terreno
"-34,4630855","-58,5592371","243,5",CASA\Terreno
"-34,4617303","-58,5652619",503,CASA\Terreno
"-34,4597755","-58,5632547",334,CASA\Terreno
"-34,4562912","-58,5466232","1723,5",CASA\Terreno
"-34,4558099","-58,5560839",336,CASA\Terreno
"-34,4557049","-58,5603861",600,CASA\Terreno
"-34,4554787","-58,5799141",524,CASA\Terreno
"-34,4554034","-58,5351477",1081,CASA\Terreno
"-34,4529176","-58,5698135",582,CASA\Terreno
"-34,4525336","-58,5436871",973,CASA\Terreno
"-34,4524663","-58,5352525",935,CASA\Terreno
"-34,4507195","-58,5729004",525,CASA\Terreno
"-34,4501136","-58,5702315",545,CASA\Terreno
"-34,4488003","-58,5314472",687,CASA\Terreno
"-34,4464854","-58,5451341",2410,CASA\Terreno
"-34,4454039","-58,5699655",472,CASA\Terreno
"-34,4422","-58,54054",856,CASA\Terreno
"-34,4410541","-58,5576246",0,CASA\Terreno
"-34,4356872","-58,5608325",405,CASA\Terreno
"-34,4350058","-58,5581907",466,CASA\Terreno
"-34,434406","-58,5549432",703,CASA\Terreno
"-34,4243129","-58,6023309",851,CASA\Terreno
"-34,4626749","-58,5581185",638,CASA\Terreno\CHACRA
"-34,4656546","-58,5749788",410,CASA\Terreno\COCHERA
"-34,450952","-58,548701",1205,CASA\Terreno\LOCAL
"-34,4499719","-58,5513087","400,33",CASA\Terreno-INMUEBLE S\E-PH
"-34,4637137","-58,559666",1349,CASA\TRIPLEX
"-34,4571928","-58,5693991",2075,CASA\TRIPLEX
"-34,4384786","-58,5570467",614,CASA-CASA\Terreno
"-34,4350766","-58,5616695","1355,5",CASA-DUPLEX
"-34,4364414","-58,5541258",10000,CHACRA
"-34,4835929","-58,5938399",875,COCHERA
"-34,4696689","-58,5865507",377,COCHERA
"-34,4563011","-58,5377982",2241,COCHERA
"-34,4554024","-58,5411873",1083,COCHERA
"-34,4551896","-58,5417921",1364,COCHERA
"-34,4542362","-58,5395448",613,COCHERA
"-34,4541845","-58,5383857",2083,COCHERA
"-34,4541484","-58,5375899",1799,COCHERA
"-34,453457","-58,5493934",1125,COCHERA
"-34,4534217","-58,5493934",1254,COCHERA
"-34,453404","-58,5493934",1041,COCHERA
"-34,4507672","-58,5583766",335,COCHERA
"-34,4490443","-58,5405718",1125,COCHERA
"-34,4472667","-58,5467688",1250,COCHERA
"-34,4439632","-58,5395027",3636,COCHERA
"-34,4437332","-58,5577736",2241,COCHERA
"-34,4420353","-58,55748",1543,COCHERA
"-34,4397305","-58,5628901",300,COCHERA
"-34,4397248","-58,5628831",533,COCHERA
"-34,4390707","-58,5559076",769,COCHERA
"-34,4390556","-58,552867",545,COCHERA
"-34,4377823","-58,5654488",1922,COCHERA
"-34,4372421","-58,5598839",2070,COCHERA
"-34,4371536","-58,5599483",2024,COCHERA
"-34,4363083","-58,5599543",1591,COCHERA
"-34,4535455","-58,5494149",1524,COCHERA\DUPLEX
"-34,4534217","-58,5494149",1551,COCHERA\DUPLEX
"-34,4464124","-58,5526907",2075,COCHERA\DUPLEX
"-34,4454728","-58,5522837",1520,COCHERA\DUPLEX
"-34,44531","-58,53631",1897,COCHERA\DUPLEX
"-34,4440487","-58,5576384",2386,COCHERA\DUPLEX
"-34,4421677","-58,5424948",4063,COCHERA\TRIPLEX
"-34,4361888","-58,5611618",1368,COCHERA-DEPTO
"-34,4563036","-58,53777","1861,5",COCHERA-DEPTO S\E
"-34,4400271","-58,561069",1659,COCHERA-DEPTO\COCHERA
"-36,406402","-56,9433384",1604,DEPTO
"-34,7376","-58,32118",1698,DEPTO
"-34,6402952","-58,5615003",1633,DEPTO
"-34,6138478","-58,5429553",1938,DEPTO
"-34,6087808","-58,384352",980,DEPTO
"-34,5937494","-58,3714227",1532,DEPTO
"-34,5820242","-58,6006457",1765,DEPTO
"-34,5150385","-58,4764927","3030,2",DEPTO
"-34,4841946","-58,5934767",2952,DEPTO
"-34,4838066","-58,5936876",3303,DEPTO
"-34,483626","-58,5940726",3072,DEPTO
"-34,4834129","-58,5389663",4138,DEPTO
"-34,483097","-58,594719",36,DEPTO
"-34,4828221","-58,5885148",3533,DEPTO
"-34,4827403","-58,5880336",3444,DEPTO
"-34,4826982","-58,5944853",3096,DEPTO
"-34,4826688","-58,5880567",3892,DEPTO
"-34,4824431","-58,594996",3462,DEPTO
"-34,4818626","-58,5867266",2771,DEPTO
"-34,4818192","-58,5870857",2857,DEPTO
"-34,4817649","-58,586598",2747,DEPTO
"-34,4813612","-58,5874636",2960,DEPTO
"-34,4813276","-58,587091",2884,DEPTO
"-34,4805079","-58,5879091",2937,DEPTO
"-34,4732841","-58,5030449",1250,DEPTO
"-34,4640983","-58,559192",1087,DEPTO
"-34,4624111","-58,5686215",1156,DEPTO
"-34,4618089","-58,5620055",1133,DEPTO
"-34,4609674","-58,5603472",8,DEPTO
"-34,4607794","-58,5596716",893,DEPTO
"-34,4606901","-58,5597746",1298,DEPTO
"-34,4604734","-58,5595868","1556,5",DEPTO
"-34,460466","-58,5580667",763,DEPTO
"-34,4604639","-58,5591552",1441,DEPTO
"-34,460324","-58,559301",1417,DEPTO
"-34,4601284","-58,5586213",1224,DEPTO
"-34,4596351","-58,5579239",1354,DEPTO
"-34,4585391","-58,5554372",2484,DEPTO
"-34,4570134","-58,5511448",1000,DEPTO
"-34,456871","-58,563243",511,DEPTO
"-34,4563481","-58,5372189",1897,DEPTO
"-34,456326","-58,537776",2155,DEPTO
"-34,4563026","-58,5377998",2340,DEPTO
"-34,456198","-58,536903",2460,DEPTO
"-34,4561389","-58,5391587",2133,DEPTO
"-34,4560947","-58,5391778",2209,DEPTO
"-34,4557282","-58,5403794",1866,DEPTO
"-34,4556194","-58,5385807",1690,DEPTO
"-34,4554449","-58,5840996",1704,DEPTO
"-34,4554152","-58,5428613",2353,DEPTO
"-34,455344","-58,5407128",1855,DEPTO
"-34,455344","-58,540712",1813,DEPTO
"-34,4553413","-58,5398712",1857,DEPTO
"-34,4553065","-58,5425148",2100,DEPTO
"-34,4552713","-58,542439",2301,DEPTO
"-34,4552126","-58,541836",1998,DEPTO
"-34,4551368","-58,5418241",2647,DEPTO
"-34,455113","-58,539487",3273,DEPTO
"-34,4550079","-58,5611297",1534,DEPTO
"-34,4549888","-58,5401818",2133,DEPTO
"-34,4549791","-58,5385129",1526,DEPTO
"-34,454969","-58,540315",1800,DEPTO
"-34,4549675","-58,5403003",3158,DEPTO
"-34,4549669","-58,5605555",1032,DEPTO
"-34,454929","-58,540355",1882,DEPTO
"-34,4549277","-58,540362",1863,DEPTO
"-34,4548721","-58,5421791",1810,DEPTO
"-34,454826","-58,540487",1375,DEPTO
"-34,4548166","-58,5370413",2188,DEPTO
"-34,4546823","-58,5429055",1798,DEPTO
"-34,4546599","-58,5429249",2366,DEPTO
"-34,4542802","-58,5386202",3548,DEPTO
"-34,4540593","-58,5443839",2447,DEPTO
"-34,454055","-58,539718",2176,DEPTO
"-34,4538849","-58,5446083",1932,DEPTO
"-34,4538486","-58,5397659",2451,DEPTO
"-34,4538254","-58,5401273",2579,DEPTO
"-34,4537316","-58,5398102",2000,DEPTO
"-34,4536524","-58,5403794",2375,DEPTO
"-34,453513","-58,540844",2133,DEPTO
"-34,4534687","-58,5411923",1964,DEPTO
"-34,4533533","-58,5401446",0,DEPTO
"-34,4532921","-58,5433221","1577,8",DEPTO
"-34,453292","-58,543322","1896,5",DEPTO
"-34,4531933","-58,5435803",0,DEPTO
"-34,453102","-58,541206",2237,DEPTO
"-34,4529796","-58,5398212",2326,DEPTO
"-34,4527531","-58,5391582",2424,DEPTO
"-34,452725","-58,544197",2349,DEPTO
"-34,4527106","-58,5440422",2365,DEPTO
"-34,452693","-58,543457",2266,DEPTO
"-34,4526782","-58,5441007","1786,5",DEPTO
"-34,4526627","-58,5435539",1374,DEPTO
"-34,4523561","-58,5420771",0,DEPTO
"-34,4523183","-58,5716977",1581,DEPTO
"-34,4523175","-58,5716926",1500,DEPTO
"-34,452317","-58,571692",18,DEPTO
"-34,4522547","-58,5395644",1909,DEPTO
"-34,4522132","-58,5715954",1385,DEPTO
"-34,4521522","-58,5394517",1887,DEPTO
"-34,4520058","-58,5715949",1797,DEPTO
"-34,4518974","-58,5430991",2310,DEPTO
"-34,4517421","-58,5400503",2596,DEPTO
"-34,451703","-58,547588",673,DEPTO
"-34,4516339","-58,5414992",2023,DEPTO
"-34,4514885","-58,5416052",21,DEPTO
"-34,45131","-58,572502",1143,DEPTO
"-34,4512619","-58,5580794",905,DEPTO
"-34,4512487","-58,5729289",1692,DEPTO
"-34,4512328","-58,5531347",1549,DEPTO
"-34,451168","-58,529462",2932,DEPTO
"-34,4511026","-58,5531183",0,DEPTO
"-34,451044","-58,529613",2000,DEPTO
"-34,4509041","-58,5301694",2131,DEPTO
"-34,450894","-58,530074",2656,DEPTO
"-34,450889","-58,530087",2813,DEPTO
"-34,4508209","-58,5302335",2891,DEPTO
"-34,4507748","-58,5302275",0,DEPTO
"-34,4507736","-58,5302289",1612,DEPTO
"-34,450754","-58,5700951",800,DEPTO
"-34,4507103","-58,5303354",2656,DEPTO
"-34,4507023","-58,5302943","2213,5",DEPTO
"-34,4507015","-58,5303461",2813,DEPTO
"-34,4507012","-58,5302919",2893,DEPTO
"-34,4506635","-58,5308127",3301,DEPTO
"-34,4506458","-58,5306893",2785,DEPTO
"-34,4506246","-58,5304887",3214,DEPTO
"-34,4506104","-58,5305981",3364,DEPTO
"-34,4505957","-58,530805",3452,DEPTO
"-34,4505839","-58,5307483",3172,DEPTO
"-34,450575","-58,5309307",3360,DEPTO
"-34,450575","-58,5307054",3172,DEPTO
"-34,4505427","-58,5309552",3352,DEPTO
"-34,4505396","-58,530877",3364,DEPTO
"-34,4505396","-58,5307054",3352,DEPTO
"-34,4505308","-58,5305581","3606,5",DEPTO
"-34,4505243","-58,5297125",2917,DEPTO
"-34,4505068","-58,5306697",3297,DEPTO
"-34,4504927","-58,5306645",3045,DEPTO
"-34,4504889","-58,5300344",2893,DEPTO
"-34,4504835","-58,5319644",1482,DEPTO
"-34,450471","-58,531017",3012,DEPTO
"-34,4504702","-58,5741928",1022,DEPTO
"-34,4504652","-58,53102",2841,DEPTO
"-34,4504624","-58,5320155","3277,33",DEPTO
"-34,450213","-58,524962",2647,DEPTO
"-34,4501742","-58,5248224",4450,DEPTO
"-34,450145","-58,532488",3600,DEPTO
"-34,4499717","-58,5238169",2000,DEPTO
"-34,4498449","-58,5328891",2406,DEPTO
"-34,4497763","-58,549875",1956,DEPTO
"-34,4496788","-58,5510062",1313,DEPTO
"-34,4495832","-58,5540808",975,DEPTO
"-34,4495029","-58,5501966",1639,DEPTO
"-34,4494967","-58,5501301","812,5",DEPTO
"-34,449319","-58,550589",1450,DEPTO
"-34,449163","-58,544397",1833,DEPTO
"-34,448972","-58,5445845",2000,DEPTO
"-34,4488733","-58,5447698","3012,5",DEPTO
"-34,448857","-58,54474","2018,5",DEPTO
"-34,4487691","-58,5465849",1226,DEPTO
"-34,4486058","-58,5469982",1500,DEPTO
"-34,4481048","-58,5503753",1750,DEPTO
"-34,4478009","-58,5473854",2232,DEPTO
"-34,4477752","-58,541774",2306,DEPTO
"-34,4477003","-58,5480355",1579,DEPTO
"-34,4476759","-58,5479767",1889,DEPTO
"-34,4476674","-58,546743",1809,DEPTO
"-34,4476444","-58,5679316",627,DEPTO
"-34,4475294","-58,5686731",635,DEPTO
"-34,4474999","-58,5417168","1647,44",DEPTO
"-34,4474983","-58,5417175",2298,DEPTO
"-34,4474858","-58,5406603",2478,DEPTO
"-34,4473683","-58,540508",2490,DEPTO
"-34,4473174","-58,5488814",1735,DEPTO
"-34,4473152","-58,5405295",2600,DEPTO
"-34,447254","-58,5466",2063,DEPTO
"-34,4472323","-58,5405819",2307,DEPTO
"-34,4472286","-58,5465288",1066,DEPTO
"-34,4468706","-58,5350331",3423,DEPTO
"-34,4468396","-58,5433012",2372,DEPTO
"-34,4468326","-58,5512167",1833,DEPTO
"-34,446816","-58,5748537",785,DEPTO
"-34,446816","-58,574853","861,5",DEPTO
"-34,4467551","-58,5395374",2306,DEPTO
"-34,4467144","-58,573205",800,DEPTO
"-34,4466503","-58,5733281",949,DEPTO
"-34,4466403","-58,5732488","932,75",DEPTO
"-34,4466394","-58,5732486",1250,DEPTO
"-34,4466209","-58,5747388",882,DEPTO
"-34,4464979","-58,573783",962,DEPTO
"-34,4464226","-58,5735175",896,DEPTO
"-34,446409","-58,574767",800,DEPTO
"-34,4463357","-58,5343975",4483,DEPTO
"-34,4463234","-58,5343819",4462,DEPTO
"-34,4462905","-58,5343679",2519,DEPTO
"-34,4462901","-58,5740482",707,DEPTO
"-34,4462766","-58,5498032",2300,DEPTO
"-34,4462382","-58,5497514",2160,DEPTO
"-34,446195","-58,559982",982,DEPTO
"-34,4461045","-58,5533561",0,DEPTO
"-34,44584","-58,55369",1813,DEPTO
"-34,445797","-58,5514021",1597,DEPTO
"-34,4457616","-58,548806",1898,DEPTO
"-34,4455907","-58,5489466",1609,DEPTO
"-34,4454389","-58,5498849","1722,5",DEPTO
"-34,4454144","-58,5497307",15,DEPTO
"-34,4453464","-58,5492466",1596,DEPTO
"-34,4452393","-58,5496785","2009,5",DEPTO
"-34,4452307","-58,549415",191,DEPTO
"-34,44523","-58,549415",1935,DEPTO
"-34,4451782","-58,5495538",1848,DEPTO
"-34,4451405","-58,5501226",2167,DEPTO
"-34,4449312","-58,5577208",20,DEPTO
"-34,4448703","-58,5577047",1635,DEPTO
"-34,444808","-58,5575596",1900,DEPTO
"-34,4447966","-58,5576181",1889,DEPTO
"-34,4447393","-58,5501675",1633,DEPTO
"-34,4447334","-58,5633087",1042,DEPTO
"-34,444651","-58,5573089",1604,DEPTO
"-34,444637","-58,557405",1700,DEPTO
"-34,444546","-58,540533",24,DEPTO
"-34,4445392","-58,5405868",3132,DEPTO
"-34,44453","-58,5634123",859,DEPTO
"-34,4445133","-58,5645377",909,DEPTO
"-34,4443942","-58,552518",1786,DEPTO
"-34,4442995","-58,5636915",624,DEPTO
"-34,4442516","-58,563671",656,DEPTO
"-34,4441691","-58,5427322",3333,DEPTO
"-34,44415","-58,539462",3098,DEPTO
"-34,444149","-58,5595937",1805,DEPTO
"-34,4441301","-58,5394531",3440,DEPTO
"-34,4441264","-58,5560448",1157,DEPTO
"-34,4440901","-58,5590586",1292,DEPTO
"-34,4440801","-58,5509631",1400,DEPTO
"-34,4440704","-58,5595347",1600,DEPTO
"-34,4440197","-58,5522874",1667,DEPTO
"-34,4439997","-58,5581789","1120,5",DEPTO
"-34,4439784","-58,5553689",1905,DEPTO
"-34,4439461","-58,5582876",1484,DEPTO
"-34,4438608","-58,5580206",1500,DEPTO
"-34,4438581","-58,5402188",3579,DEPTO
"-34,4438475","-58,5569084",16,DEPTO
"-34,443771","-58,5513674",1531,DEPTO
"-34,443745","-58,557972",2037,DEPTO
"-34,443718","-58,552373",1308,DEPTO
"-34,4437102","-58,5547779",1630,DEPTO
"-34,4436493","-58,5548592",1881,DEPTO
"-34,4433695","-58,5726395",1447,DEPTO
"-34,4433256","-58,5562207",2313,DEPTO
"-34,4433007","-58,5567412",2678,DEPTO
"-34,4432986","-58,5557944",1500,DEPTO
"-34,4432924","-58,5561804",2215,DEPTO
"-34,4432915","-58,5524258",19,DEPTO
"-34,4432814","-58,5560812",2262,DEPTO
"-34,4432659","-58,5561321",2364,DEPTO
"-34,4432362","-58,5560874",2375,DEPTO
"-34,4432295","-58,5509706",1650,DEPTO
"-34,4432245","-58,5525571",20,DEPTO
"-34,4432239","-58,5558576",2196,DEPTO
"-34,4432217","-58,5525541","2119,33",DEPTO
"-34,443219","-58,5572553",1854,DEPTO
"-34,4432188","-58,5525508",1962,DEPTO
"-34,4432186","-58,552565",2273,DEPTO
"-34,4432185","-58,5560445",2260,DEPTO
"-34,4432141","-58,5560445",2375,DEPTO
"-34,4432096","-58,5560096",2298,DEPTO
"-34,4432061","-58,5525585",1962,DEPTO
"-34,4432046","-58,5543381",1444,DEPTO
"-34,4432008","-58,556023",2356,DEPTO
"-34,4431973","-58,5562931",2335,DEPTO
"-34,4431841","-58,5560599",2063,DEPTO
"-34,4431831","-58,5560445","2230,94",DEPTO
"-34,4431814","-58,5560466",1418,DEPTO
"-34,4431743","-58,5560338",2337,DEPTO
"-34,4431576","-58,5559166",2208,DEPTO
"-34,4431089","-58,555863",2211,DEPTO
"-34,443088","-58,5574504",2103,DEPTO
"-34,4430515","-58,5584864",1476,DEPTO
"-34,4430492","-58,555812","2239,67",DEPTO
"-34,4430462","-58,5571579",2033,DEPTO
"-34,4430369","-58,5507683",3360,DEPTO
"-34,4430327","-58,5525082",2232,DEPTO
"-34,4430272","-58,5539391",0,DEPTO
"-34,4430094","-58,5543538",1564,DEPTO
"-34,442997","-58,552797","2269,5",DEPTO
"-34,442978","-58,554262",1633,DEPTO
"-34,442972","-58,5541849",1709,DEPTO
"-34,4429287","-58,5525516","2109,75",DEPTO
"-34,4429092","-58,5584341",14,DEPTO
"-34,4429","-58,5525672",2157,DEPTO
"-34,4428848","-58,55584",1429,DEPTO
"-34,442881","-58,552874","1538,5",DEPTO
"-34,442876","-58,5554001",2734,DEPTO
"-34,4428493","-58,5568248",1538,DEPTO
"-34,4428404","-58,5590732",0,DEPTO
"-34,442689","-58,555442",1592,DEPTO
"-34,442672","-58,5528588",1367,DEPTO
"-34,4426495","-58,5551545",2667,DEPTO
"-34,442646","-58,5553894",1786,DEPTO
"-34,4426449","-58,5537216",1585,DEPTO
"-34,442644","-58,555387",1881,DEPTO
"-34,4426294","-58,5553806",1729,DEPTO
"-34,442627","-58,5552292",1951,DEPTO
"-34,44257","-58,557834",1580,DEPTO
"-34,4425085","-58,5544267",2581,DEPTO
"-34,4424631","-58,5580092","1605,5",DEPTO
"-34,442463","-58,558009",1622,DEPTO
"-34,4424604","-58,5595524",2909,DEPTO
"-34,4424331","-58,5571718",1608,DEPTO
"-34,4424277","-58,5563923",1744,DEPTO
"-34,4423862","-58,554827",2146,DEPTO
"-34,4423801","-58,5548202",1460,DEPTO
"-34,4423608","-58,5581827",1700,DEPTO
"-34,442359","-58,5595323",0,DEPTO
"-34,4423218","-58,5598793","1953,5",DEPTO
"-34,4423065","-58,5533638",1464,DEPTO
"-34,4422611","-58,5570282",2829,DEPTO
"-34,4421604","-58,5589647",1440,DEPTO
"-34,4421471","-58,5598986",2000,DEPTO
"-34,4421364","-58,5563574",2447,DEPTO
"-34,4421268","-58,5553668",2081,DEPTO
"-34,4420967","-58,557425",921,DEPTO
"-34,442063","-58,557476",780,DEPTO
"-34,4420396","-58,5585943",1472,DEPTO
"-34,4420341","-58,5544428",1705,DEPTO
"-34,4420024","-58,556064",2000,DEPTO
"-34,441884","-58,5554199",2188,DEPTO
"-34,4418765","-58,5603124","2298,5",DEPTO
"-34,4418721","-58,5543382",1739,DEPTO
"-34,4417761","-58,5557301",2643,DEPTO
"-34,4417566","-58,5433727",3714,DEPTO
"-34,4417534","-58,5558968",2106,DEPTO
"-34,4417461","-58,5600234",1771,DEPTO
"-34,441713","-58,558688",2222,DEPTO
"-34,4416875","-58,5613792",16,DEPTO
"-34,4416703","-58,5598606",1596,DEPTO
"-34,4416204","-58,5557759",1375,DEPTO
"-34,4415489","-58,5591338",1262,DEPTO
"-34,4415027","-58,5570689",1667,DEPTO
"-34,4414832","-58,5571205",1735,DEPTO
"-34,441467","-58,554337",1691,DEPTO
"-34,4414531","-58,549214",3111,DEPTO
"-34,4412711","-58,5580444",0,DEPTO
"-34,4412636","-58,5550711",2551,DEPTO
"-34,441248","-58,558049",1500,DEPTO
"-34,4412251","-58,5595942","1542,5",DEPTO
"-34,4412169","-58,5563899",1518,DEPTO
"-34,4410392","-58,5584985",1597,DEPTO
"-34,4410356","-58,5549978",2667,DEPTO
"-34,4409426","-58,5550832",1735,DEPTO
"-34,4409352","-58,5561188",1955,DEPTO
"-34,4409149","-58,5617327",1661,DEPTO
"-34,4408899","-58,5709798",1103,DEPTO
"-34,4408777","-58,555074",1550,DEPTO
"-34,4408537","-58,5623514",1667,DEPTO
"-34,440853","-58,562351",1602,DEPTO
"-34,4408332","-58,5599118",120,DEPTO
"-34,4407917","-58,5559589",1805,DEPTO
"-34,4406778","-58,5631245",1778,DEPTO
"-34,4406758","-58,5599414",1857,DEPTO
"-34,440524","-58,561587",1900,DEPTO
"-34,4405216","-58,5614756",2000,DEPTO
"-34,440521","-58,561475",2067,DEPTO
"-34,4403542","-58,5591998",1540,DEPTO
"-34,440341","-58,5591995",1667,DEPTO
"-34,44034","-58,560634",1813,DEPTO
"-34,4403382","-58,5557379",1513,DEPTO
"-34,4403371","-58,5591867",1698,DEPTO
"-34,440298","-58,5594992",1667,DEPTO
"-34,4402216","-58,5570202",3000,DEPTO
"-34,4401703","-58,5564241","1538,25",DEPTO
"-34,4401703","-58,5564232",1851,DEPTO
"-34,4401537","-58,5561339","1026,5",DEPTO
"-34,4401108","-58,557",1703,DEPTO
"-34,440035","-58,5639301","1393,78",DEPTO
"-34,439926","-58,5614575",1840,DEPTO
"-34,4398824","-58,5626828",1350,DEPTO
"-34,43986","-58,562694",19,DEPTO
"-34,4398004","-58,5607432",1430,DEPTO
"-34,4397991","-58,5580281",1127,DEPTO
"-34,4397519","-58,5616137",2000,DEPTO
"-34,4397151","-58,5607086","1441,5",DEPTO
"-34,4396907","-58,5631034",1800,DEPTO
"-34,4396301","-58,563131",2091,DEPTO
"-34,4396211","-58,5575284","1712,43",DEPTO
"-34,4396034","-58,5575928",1813,DEPTO
"-34,4395906","-58,5630199",1902,DEPTO
"-34,43959","-58,563019","891,5",DEPTO
"-34,4395464","-58,5592961",2222,DEPTO
"-34,4395115","-58,5614944",1680,DEPTO
"-34,4393872","-58,5618153",1921,DEPTO
"-34,4393828","-58,5603316",1724,DEPTO
"-34,4393544","-58,5590157",1791,DEPTO
"-34,439347","-58,5602711",1492,DEPTO
"-34,4393009","-58,5618925",1818,DEPTO
"-34,4392932","-58,5634871",1455,DEPTO
"-34,4392476","-58,5567939",1702,DEPTO
"-34,4392347","-58,5530759",1500,DEPTO
"-34,439217","-58,556448",2396,DEPTO
"-34,4391986","-58,5639327",2083,DEPTO
"-34,4391376","-58,5607002",1317,DEPTO
"-34,4391155","-58,5638437",1566,DEPTO
"-34,4390447","-58,560786",1887,DEPTO
"-34,4390063","-58,5512645",3263,DEPTO
"-34,4389958","-58,5603861",1818,DEPTO
"-34,4389916","-58,5604237",1440,DEPTO
"-34,4389606","-58,5560722",1900,DEPTO
"-34,43896","-58,554885",1379,DEPTO
"-34,4389463","-58,5562187",2292,DEPTO
"-34,4388337","-58,5562742","2166,5",DEPTO
"-34,4388288","-58,5562649",1195,DEPTO
"-34,4387573","-58,5611369",2154,DEPTO
"-34,438749","-58,561122",1800,DEPTO
"-34,438697","-58,556504",1220,DEPTO
"-34,438695","-58,556507",2368,DEPTO
"-34,4386669","-58,5566362","1828,5",DEPTO
"-34,4386467","-58,5612395",1857,DEPTO
"-34,4384628","-58,5602968",1898,DEPTO
"-34,4384077","-58,5602521",1252,DEPTO
"-34,4382555","-58,5585864",1981,DEPTO
"-34,4380206","-58,5602522",1786,DEPTO
"-34,4380085","-58,5617252",2639,DEPTO
"-34,437836","-58,563003",1587,DEPTO
"-34,4378275","-58,5630017","2013,5",DEPTO
"-34,4377838","-58,5656779",1827,DEPTO
"-34,43777","-58,559405",2054,DEPTO
"-34,4377529","-58,5651955",2000,DEPTO
"-34,4377484","-58,5654316",1756,DEPTO
"-34,4377332","-58,5592151",1958,DEPTO
"-34,437713","-58,559612",2400,DEPTO
"-34,4375761","-58,5657839",2045,DEPTO
"-34,437444","-58,5536424",1667,DEPTO
"-34,4372285","-58,561701",1317,DEPTO
"-34,4371013","-58,5620625",1083,DEPTO
"-34,4370638","-58,5646821",2106,DEPTO
"-34,4370404","-58,5650907",1667,DEPTO
"-34,4368218","-58,553908",1875,DEPTO
"-34,436772","-58,560904",2154,DEPTO
"-34,4367393","-58,5654038",1977,DEPTO
"-34,4366468","-58,5609201",2150,DEPTO
"-34,4365607","-58,5610103","2063,5",DEPTO
"-34,4365462","-58,5606692",2022,DEPTO
"-34,4363254","-58,5643795",1452,DEPTO
"-34,4362674","-58,564183",1600,DEPTO
"-34,436194","-58,5609664",1596,DEPTO
"-34,4361498","-58,5610522",1700,DEPTO
"-34,436075","-58,564391",19,DEPTO
"-34,4360715","-58,5613321","2489,2",DEPTO
"-34,4360566","-58,5655661",0,DEPTO
"-34,4360365","-58,5625021",2024,DEPTO
"-34,4360107","-58,561411",1439,DEPTO
"-34,4359779","-58,5614395",1684,DEPTO
"-34,435946","-58,5617898",1962,DEPTO
"-34,4359346","-58,5639675",1136,DEPTO
"-34,4358997","-58,5613872",2206,DEPTO
"-34,4358788","-58,561367",2065,DEPTO
"-34,4358592","-58,5604084",2057,DEPTO
"-34,4358574","-58,5640261",1455,DEPTO
"-34,4357989","-58,5600731",1913,DEPTO
"-34,4357939","-58,5616856",1680,DEPTO
"-34,4357615","-58,5601169",1546,DEPTO
"-34,4357276","-58,5601791",1786,DEPTO
"-34,4356471","-58,5600384",2529,DEPTO
"-34,435643","-58,561856",1680,DEPTO
"-34,435616","-58,561845",1891,DEPTO
"-34,435608","-58,561904",1909,DEPTO
"-34,435608","-58,561877",1700,DEPTO
"-34,4355815","-58,5619313",2031,DEPTO
"-34,4355812","-58,5619316",2037,DEPTO
"-34,4354301","-58,5623417",1714,DEPTO
"-34,435398","-58,560542",2019,DEPTO
"-34,4353207","-58,5610661",1863,DEPTO
"-34,4352881","-58,5608683",1810,DEPTO
"-34,4351199","-58,5625136",1458,DEPTO
"-34,4350219","-58,5658022",1778,DEPTO
"-34,4348098","-58,5624634",1720,DEPTO
"-34,4347621","-58,563846",1609,DEPTO
"-34,4346116","-58,5655496",1154,DEPTO
"-34,4344671","-58,5638766",1200,DEPTO
"-34,4344414","-58,5643033",1250,DEPTO
"-34,4343658","-58,5636302",1854,DEPTO
"-34,4343378","-58,5634807",1250,DEPTO
"-34,4340375","-58,5642839",1613,DEPTO
"-34,4246438","-58,5848743",1269,DEPTO
"-34,484651","-58,591863",3823,DEPTO S\E
"-34,4607737","-58,5596862",915,DEPTO S\E
"-34,458584","-58,5670411",1972,DEPTO S\E
"-34,4550643","-58,5610599","1404,5",DEPTO S\E
"-34,4550466","-58,5612316",1453,DEPTO S\E
"-34,4550466","-58,5610599",1470,DEPTO S\E
"-34,4550289","-58,5611887",1533,DEPTO S\E
"-34,4550112","-58,5610814",1397,DEPTO S\E
"-34,4550005","-58,5610921",1468,DEPTO S\E
"-34,454983","-58,5610921",1328,DEPTO S\E
"-34,4542198","-58,5395355",2240,DEPTO S\E
"-34,4527854","-58,5395828",3152,DEPTO S\E
"-34,4526219","-58,5391042",1849,DEPTO S\E
"-34,4524939","-58,5418727",1683,DEPTO S\E
"-34,4523388","-58,5714468",1500,DEPTO S\E
"-34,4522225","-58,5406449",992,DEPTO S\E
"-34,4505276","-58,5305543","3324,6",DEPTO S\E
"-34,4462352","-58,5739661","946,25",DEPTO S\E
"-34,443161","-58,5542831",1838,DEPTO S\E
"-34,443011","-58,5539067",1063,DEPTO S\E
"-34,442173","-58,5560036",1979,DEPTO S\E
"-34,4421715","-58,5591237",1727,DEPTO S\E
"-34,4421416","-58,5559902",2100,DEPTO S\E
"-34,441718","-58,554392",1956,DEPTO S\E
"-34,4410494","-58,5612082",1750,DEPTO S\E
"-34,4397121","-58,5625191",1690,DEPTO S\E
"-34,4393628","-58,5617343",2667,DEPTO S\E
"-34,4388081","-58,5614137",174,DEPTO S\E
"-34,4371235","-58,5646733",14,DEPTO S\E
"-34,4367731","-58,5631989",486,DEPTO S\E
"-34,4365376","-58,5514009",1643,DEPTO S\E
"-34,436288","-58,5610181",1361,DEPTO S\E
"-34,4358602","-58,5604065",1868,DEPTO S\E
"-34,4357698","-58,5616959","1690,5",DEPTO S\E
"-34,4355354","-58,5648363",1308,DEPTO S\E
"-34,4351415","-58,5606986","943,5",DEPTO S\E
"-34,434883","-58,5641238",1414,DEPTO S\E
"-34,4348142","-58,5624629",2178,DEPTO S\E
"-34,6085003","-58,3840922",2000,DEPTO\COCHERA
"-34,5925896","-58,3718499",2000,DEPTO\COCHERA
"-34,4812084","-58,5869431",2747,DEPTO\COCHERA
"-34,470829","-58,5286102",2026,DEPTO\COCHERA
"-34,4563778","-58,5379118",1897,DEPTO\COCHERA
"-34,4563094","-58,5377993",2026,DEPTO\COCHERA
"-34,4563053","-58,5377703",2155,DEPTO\COCHERA
"-34,4561516","-58,5386538",2119,DEPTO\COCHERA
"-34,4551322","-58,5393624",2018,DEPTO\COCHERA
"-34,4549287","-58,5392653",1731,DEPTO\COCHERA
"-34,4548164","-58,5433042",2170,DEPTO\COCHERA
"-34,4546143","-58,5428559",2763,DEPTO\COCHERA
"-34,45459","-58,54224",1975,DEPTO\COCHERA
"-34,454428","-58,5396302",2619,DEPTO\COCHERA
"-34,4543597","-58,5397275",1977,DEPTO\COCHERA
"-34,4542214","-58,542155",2300,DEPTO\COCHERA
"-34,4538994","-58,5432887",1750,DEPTO\COCHERA
"-34,4536525","-58,5393124",2031,DEPTO\COCHERA
"-34,4524059","-58,5393238",2273,DEPTO\COCHERA
"-34,4523246","-58,571763",1077,DEPTO\COCHERA
"-34,4522908","-58,5419599",0,DEPTO\COCHERA
"-34,4518651","-58,5715775",1077,DEPTO\COCHERA
"-34,4509391","-58,5298879",2803,DEPTO\COCHERA
"-34,4509029","-58,5301709",2656,DEPTO\COCHERA
"-34,4508443","-58,5298115",2813,DEPTO\COCHERA
"-34,4506444","-58,5305289","2399,67",DEPTO\COCHERA
"-34,4505603","-58,5309097",3393,DEPTO\COCHERA
"-34,4504891","-58,5244243",2462,DEPTO\COCHERA
"-34,4497","-58,5333407",2288,DEPTO\COCHERA
"-34,4489203","-58,5445398",1591,DEPTO\COCHERA
"-34,4472267","-58,5422032",2307,DEPTO\COCHERA
"-34,4462116","-58,5497675",1923,DEPTO\COCHERA
"-34,4457056","-58,5505339",1522,DEPTO\COCHERA
"-34,4456202","-58,5504853",1580,DEPTO\COCHERA
"-34,44482","-58,5520358",2222,DEPTO\COCHERA
"-34,4447379","-58,5501694",1630,DEPTO\COCHERA
"-34,4445469","-58,540534",3131,DEPTO\COCHERA
"-34,4440032","-58,5581072",2407,DEPTO\COCHERA
"-34,4438406","-58,5581492",2407,DEPTO\COCHERA
"-34,4437039","-58,5578654",2043,DEPTO\COCHERA
"-34,4436776","-58,5579652",2237,DEPTO\COCHERA
"-34,4433188","-58,5524132","1954,5",DEPTO\COCHERA
"-34,4432557","-58,5521807",1593,DEPTO\COCHERA
"-34,4429703","-58,5591202",2206,DEPTO\COCHERA
"-34,4429624","-58,5591319",1800,DEPTO\COCHERA
"-34,4427671","-58,5584851",2109,DEPTO\COCHERA
"-34,4427627","-58,5584984",1414,DEPTO\COCHERA
"-34,4426548","-58,5461766",2164,DEPTO\COCHERA
"-34,4419558","-58,5546545",2159,DEPTO\COCHERA
"-34,4414465","-58,5591744","1839,5",DEPTO\COCHERA
"-34,4401874","-58,5564543",1713,DEPTO\COCHERA
"-34,4401154","-58,5565105",2357,DEPTO\COCHERA
"-34,4398449","-58,5616548","1933,33",DEPTO\COCHERA
"-34,4391774","-58,5604237",1771,DEPTO\COCHERA
"-34,4390564","-58,5578575",2157,DEPTO\COCHERA
"-34,4389788","-58,5623459",1429,DEPTO\COCHERA
"-34,4385089","-58,5537896",1646,DEPTO\COCHERA
"-34,4383284","-58,5645895",2480,DEPTO\COCHERA
"-34,4380508","-58,5605051",1494,DEPTO\COCHERA
"-34,4379036","-58,5593458",2155,DEPTO\COCHERA
"-34,4377277","-58,5654355",2400,DEPTO\COCHERA
"-34,4377144","-58,5655305",1589,DEPTO\COCHERA
"-34,4365617","-58,566218","2115,5",DEPTO\COCHERA
"-34,4357855","-58,5600302","1956,33",DEPTO\COCHERA
"-34,4353323","-58,5605578",1724,DEPTO\COCHERA
"-34,4795704","-58,5938076","2844,38",DEPTO\COCHERA-INMUEBLE S\E
"-34,454996","-58,540169",1455,DEPTO\DUPLEX
"-34,452895","-58,542885",1422,DEPTO\DUPLEX
"-34,4409738","-58,5613682",1929,DEPTO\DUPLEX
"-34,434495","-58,557104",497,DEPTO\DUPLEX
"-34,455248","-58,5608741",639,DEPTO\LOCAL
"-34,4364481","-58,5631684",1736,DEPTO\Terreno\LOCAL
"-34,4451232","-58,5385912",2405,DEPTO\TRIPLEX
"-34,4514195","-58,5719917",1652,DEPTO-CASA
"-34,4496002","-58,5239983","2342,5",DEPTO-CASA
"-34,4417183","-58,5543921",1873,DEPTO-CASA
"-34,4383915","-58,5534896",1323,DEPTO-CASA
"-34,5008853","-58,5438902","1272,25",DEPTO-CASA\Terreno-INMUEBLE S\E
"-34,4440495","-58,5394357",2926,DEPTO-CASA-CASA S\E
"-34,4388202","-58,5562554",1680,DEPTO-COCHERA
"-34,4504651","-58,5310202","2770,5",DEPTO-DEPTO S\E
"-34,443202","-58,5534757","1639,17",DEPTO-DEPTO S\E
"-34,442376","-58,542729",4320,DEPTO-DEPTO S\E
"-34,4420316","-58,5544746","2037,83",DEPTO-DEPTO S\E
"-34,4464617","-58,5461219","2825,56",DEPTO-DEPTO S\E-COCHERA
"-34,4357887","-58,5600384","1831,17",DEPTO-DEPTO S\E-DEPTO\COCHERA
"-34,4525366","-58,5439264",2008,DEPTO-DEPTO\COCHERA
"-34,4524081","-58,5437631","667,5",DEPTO-DEPTO\COCHERA
"-34,4510423","-58,5728757",1921,DEPTO-DEPTO\COCHERA
"-34,4507965","-58,5301057","2626,38",DEPTO-DEPTO\COCHERA
"-34,4454232","-58,556027",1458,DEPTO-DEPTO\COCHERA
"-34,4419505","-58,5562346",2131,DEPTO-DEPTO\COCHERA
"-34,4361461","-58,5599222","1673,5",DEPTO-DEPTO\COCHERA
"-34,4441507","-58,5394622","2675,89",DEPTO-DEPTO\COCHERA-CASA
"-34,4496","-58,524","1570,75",DEPTO-DEPTO\COCHERA-CASA-Terreno
"-34,4357837","-58,5616713","1277,67",DEPTO-DEPTO\COCHERA-DEPTO S\E
"-34,4430558","-58,5556055","1728,5",DEPTO-DEPTO\Terreno
"-34,454976","-58,5605868","728,5",DEPTO-INMUEBLE S\E
"-34,4376677","-58,5671251","1134,25",DEPTO-LOCAL-CASA
"-34,4562893","-58,5466236","1038,86",DEPTO-PH-CASA-CASA\DEPTO
"-34,4502902","-58,5429823",1251,DEPTO-Terreno
"-34,4570847","-58,5676689",1167,DUPLEX
"-34,454343","-58,5371339",1989,DUPLEX
"-34,4541455","-58,5498724",861,DUPLEX
"-34,4538018","-58,549484",861,DUPLEX
"-34,4532797","-58,5433158",1813,DUPLEX
"-34,4522185","-58,5469794",1522,DUPLEX
"-34,451354","-58,5366577",2000,DUPLEX
"-34,4477017","-58,5495743",1510,DUPLEX
"-34,4465821","-58,5542302",1622,DUPLEX
"-34,4454653","-58,5362367",1930,DUPLEX
"-34,4438047","-58,5532319",1491,DUPLEX
"-34,4434451","-58,5444921",713,DUPLEX
"-34,4412751","-58,5609407",1817,DUPLEX
"-34,4463809","-58,5527321",2355,DUPLEX-COCHERA\DUPLEX-PH\COCHERA
"-34,4442736","-58,5506838",1435,DUPLEX-PH
"-34,4724718","-58,5770915",1129,INMUEBLE S\E
"-34,4724541","-58,5770915",645,INMUEBLE S\E
"-34,4715911","-58,5770309",645,INMUEBLE S\E
"-34,4705","-58,574063",1006,INMUEBLE S\E
"-34,4686278","-58,5896549",833,INMUEBLE S\E
"-34,4597907","-58,5456326",579,INMUEBLE S\E
"-34,4566004","-58,5563833",604,INMUEBLE S\E
"-34,4557329","-58,535922",2000,INMUEBLE S\E
"-34,4557033","-58,5354089",1667,INMUEBLE S\E
"-34,4537302","-58,5584279",684,INMUEBLE S\E
"-34,451884","-58,554901",145,INMUEBLE S\E
"-34,4510749","-58,553623",2059,INMUEBLE S\E
"-34,4488487","-58,5549959",475,INMUEBLE S\E
"-34,448273","-58,548841",633,INMUEBLE S\E
"-34,448165","-58,542168",621,INMUEBLE S\E
"-34,4479783","-58,5641877",737,INMUEBLE S\E
"-34,4472752","-58,5467901",1639,INMUEBLE S\E
"-34,4472564","-58,5467205",1083,INMUEBLE S\E
"-34,4472398","-58,5468974",1639,INMUEBLE S\E
"-34,446954","-58,5620737",673,INMUEBLE S\E
"-34,4462812","-58,5492672",946,INMUEBLE S\E
"-34,4450835","-58,5723383",700,INMUEBLE S\E
"-34,443604","-58,5755738",6,INMUEBLE S\E
"-34,4434357","-58,5753552",496,INMUEBLE S\E
"-34,4432793","-58,5632896",510,INMUEBLE S\E
"-34,4430967","-58,5668814",4,INMUEBLE S\E
"-34,4428759","-58,571745",817,INMUEBLE S\E
"-34,44246","-58,568232",6,INMUEBLE S\E
"-34,4423705","-58,5551173",417,INMUEBLE S\E
"-34,4418602","-58,5691299",500,INMUEBLE S\E
"-34,441835","-58,555386",1727,INMUEBLE S\E
"-34,4414282","-58,5555888",804,INMUEBLE S\E
"-34,4405518","-58,5673484",801,INMUEBLE S\E
"-34,4384251","-58,5701627",917,INMUEBLE S\E
"-34,4362716","-58,5753799",1318,INMUEBLE S\E
"-34,4355497","-58,5502334",722,INMUEBLE S\E
"-34,435108","-58,559646",1029,INMUEBLE S\E
"-34,4350068","-58,5573506",982,INMUEBLE S\E
"-34,434321","-58,565424",187,INMUEBLE S\E
"-34,4338143","-58,5616492",683,INMUEBLE S\E
"-34,433655","-58,561379",561,INMUEBLE S\E
"-34,2490091","-58,6955647",51,INMUEBLE S\E
"-34,4554784","-58,5612342",800,INMUEBLE S\E-PH\LOCAL
"-34,4708431","-58,5941731",1087,LOCAL
"-34,4707837","-58,5942137",1087,LOCAL
"-34,4563294","-58,6531906",1980,LOCAL
"-34,4556975","-58,5355205",818,LOCAL
"-34,4545456","-58,5591957",1054,LOCAL
"-34,4529513","-58,538559",1111,LOCAL
"-34,4527359","-58,5275002",1553,LOCAL
"-34,4519056","-58,5542282",7708,LOCAL
"-34,451228","-58,541079",986,LOCAL
"-34,4507045","-58,5518014",2143,LOCAL
"-34,4489785","-58,5504818",1125,LOCAL
"-34,4486891","-58,5506671",1190,LOCAL
"-34,4474321","-58,5404885",2246,LOCAL
"-34,4454702","-58,5522796",992,LOCAL
"-34,4451406","-58,5481596",955,LOCAL
"-34,444979","-58,551682",2083,LOCAL
"-34,4430879","-58,5559241",1667,LOCAL
"-34,4378667","-58,5604295",3000,LOCAL
"-34,4359458","-58,5664096",2353,LOCAL
"-34,4356779","-58,5632989",4274,LOCAL
"-34,4448025","-58,5518542","2380,5",LOCAL-DEPTO
"-34,4689997","-58,5900665",677,LOCAL-INMUEBLE S\E
"-34,4713647","-58,5757344",657,PH
"-34,469627","-58,586494",267,PH
"-34,4691932","-58,5899046",800,PH
"-34,4683814","-58,5871269",429,PH
"-34,4665174","-58,5428165",680,PH
"-34,4663708","-58,5633551",957,PH
"-34,4661483","-58,5743335",870,PH
"-34,4656321","-58,6307832",1395,PH
"-34,4652396","-58,5738617",950,PH
"-34,464544","-58,5542361",539,PH
"-34,4619272","-58,5488713",249,PH
"-34,4609977","-58,5621596",1318,PH
"-34,460519","-58,572233",1108,PH
"-34,4603853","-58,5628474",860,PH
"-34,4603836","-58,5699433",556,PH
"-34,4595623","-58,5444515",1014,PH
"-34,4581504","-58,5609872",767,PH
"-34,4578051","-58,5708287",600,PH
"-34,4577825","-58,5709383",396,PH
"-34,457689","-58,5676515",471,PH
"-34,4575722","-58,5624873",1067,PH
"-34,4573094","-58,5633129",653,PH
"-34,4567852","-58,5492062",768,PH
"-34,4564127","-58,536763",0,PH
"-34,4563648","-58,570157",700,PH
"-34,4560069","-58,5408709",1248,PH
"-34,4558788","-58,5356446",733,PH
"-34,4554075","-58,5464256",676,PH
"-34,4551846","-58,5535574",542,PH
"-34,4551612","-58,563486",643,PH
"-34,4551224","-58,5505357",1333,PH
"-34,4551159","-58,550521",1121,PH
"-34,4549432","-58,5608807",271,PH
"-34,4548932","-58,5421861",1067,PH
"-34,4548223","-58,5331044",1538,PH
"-34,4547607","-58,5546471",525,PH
"-34,4544652","-58,5409927",1189,PH
"-34,4544594","-58,5387235",1038,PH
"-34,4544185","-58,5385657",1190,PH
"-34,4543991","-58,5411835",1181,PH
"-34,4540714","-58,5327168",1226,PH
"-34,4539987","-58,5419796",1193,PH
"-34,4539541","-58,5414042999999",1142,PH
"-34,4539523","-58,5414065",1826,PH
"-34,4535808","-58,5350184",1711,PH
"-34,453301","-58,546503",567,PH
"-34,4526828","-58,54638","1239,5",PH
"-34,4526546","-58,5463432",1875,PH
"-34,4523831","-58,5494586",720,PH
"-34,4520001","-58,5460049",1040,PH
"-34,4512348","-58,5693163",5,PH
"-34,4511919","-58,5438939",841,PH
"-34,451156","-58,5505024",1394,PH
"-34,4509787","-58,5533268",940,PH
"-34,4508907","-58,5417006",803,PH
"-34,4508357","-58,5448713",1404,PH
"-34,4506368","-58,5372449",1009,PH
"-34,4502093","-58,547325",1818,PH
"-34,4501931","-58,5749831",568,PH
"-34,4499862","-58,551012",489,PH
"-34,4495806","-58,5586292",11,PH
"-34,4493307","-58,5539756","1200,5",PH
"-34,4492271","-58,5475304",1463,PH
"-34,448857","-58,5464478",1653,PH
"-34,4488476","-58,5609896",1875,PH
"-34,4484147","-58,5651931",708,PH
"-34,4482621","-58,5471303",845,PH
"-34,4482244","-58,5420345",4940,PH
"-34,4481868","-58,5488751",1026,PH
"-34,4479906","-58,5492903",1041,PH
"-34,4479187","-58,5421836",801,PH
"-34,4475585","-58,5542705",803,PH
"-34,4467888","-58,5466576",917,PH
"-34,4461784","-58,572741",375,PH
"-34,4456005","-58,5606675",798,PH
"-34,4451806","-58,5479718",1508,PH
"-34,4451798","-58,5481147",1508,PH
"-34,4451294","-58,5479279",1484,PH
"-34,4447589","-58,57265",810,PH
"-34,4443605","-58,5591696",767,PH
"-34,4442248","-58,5508309",961,PH
"-34,4442052","-58,5493027",1192,PH
"-34,4433009","-58,5544199",1256,PH
"-34,4431482","-58,5693703",579,PH
"-34,4430488","-58,5663221",1071,PH
"-34,442642","-58,5566648",1103,PH
"-34,4424968","-58,5638108",783,PH
"-34,4424918","-58,5475436",500,PH
"-34,442452","-58,5639818",780,PH
"-34,4423642","-58,5641494",1500,PH
"-34,4423575","-58,5641439",859,PH
"-34,4422509","-58,5591623",1016,PH
"-34,4420752","-58,5585394",1273,PH
"-34,4418169","-58,5605617",1938,PH
"-34,4414515","-58,5671381",755,PH
"-34,4414088","-58,5644972",614,PH
"-34,4409356","-58,5681113",547,PH
"-34,4408007","-58,566437",1074,PH
"-34,4401293","-58,5592845",1006,PH
"-34,4400913","-58,5540387",714,PH
"-34,4398937","-58,5637486",1032,PH
"-34,4398569","-58,5548556",668,PH
"-34,4397338","-58,5520606",1390,PH
"-34,4389639","-58,5571558",989,PH
"-34,438962","-58,5570407",890,PH
"-34,4380544","-58,5588586",782,PH
"-34,4380193","-58,5559141",1143,PH
"-34,437756","-58,5568595",1083,PH
"-34,4368106","-58,566532",474,PH
"-34,4361574","-58,5640419",1289,PH
"-34,435698","-58,5618132",1210,PH
"-34,4352407","-58,5610279",1053,PH
"-34,4351868","-58,566719",702,PH
"-34,4346948","-58,565751",0,PH
"-34,4657914","-58,5764912",549,PH\CASA
"-34,4636341","-58,5574395",450,PH\CASA
"-34,462848","-58,5768399",758,PH\CASA
"-34,4597564","-58,564979",497,PH\CASA
"-34,4584608","-58,5603116",583,PH\CASA
"-34,4563904","-58,5525894",575,PH\CASA
"-34,455143","-58,5499598",956,PH\CASA
"-34,4517021","-58,5367813",1689,PH\CASA
"-34,4515609","-58,5509963",968,PH\CASA
"-34,4514423","-58,5718893",962,PH\CASA
"-34,4507534","-58,5700973",640,PH\CASA
"-34,4492344","-58,5348464",2306,PH\CASA
"-34,4480805","-58,5428231",1643,PH\CASA
"-34,447713","-58,5418296",1420,PH\CASA
"-34,4462013","-58,581243",292,PH\CASA
"-34,4457463","-58,5477273",1227,PH\CASA
"-34,4453478","-58,5561007",472,PH\CASA
"-34,4434276","-58,5472756",1959,PH\CASA
"-34,4414138","-58,5656985",746,PH\CASA
"-34,4378141","-58,5630215",1075,PH\CASA
"-34,4351799","-58,5555644",378,PH\CASA
"-34,4480813","-58,5603176",680,PH\CASA\COCHERA
"-34,4521003","-58,5326316",1075,PH\CASA\DEPTO\LOCAL
"-34,4612884","-58,563486",648,PH\COCHERA
"-34,4611993","-58,5455664",350,PH\COCHERA
"-34,4603271","-58,5454973",742,PH\COCHERA
"-34,4527257","-58,5443791",1748,PH\COCHERA
"-34,4515015","-58,5472106",759,PH\COCHERA
"-34,448334","-58,5489614",1026,PH\COCHERA
"-34,440004","-58,5521417",1033,PH\COCHERA
"-34,4340792","-58,562516","1808,67",PH\COCHERA-DEPTO\COCHERA
"-34,4645256","-58,5725494",938,PH\DEPTO
"-34,4587877","-58,5424018",838,PH\DEPTO
"-34,453704","-58,542019",923,PH\DEPTO
"-34,4508491","-58,5493949",765,PH\DEPTO
"-34,448847","-58,543513",681,PH\DEPTO
"-34,4486478","-58,5447948",944,PH\DEPTO
"-34,4477595","-58,544426",919,PH\DEPTO
"-34,4471975","-58,565058",2176,PH\DEPTO
"-34,4405986","-58,5507734",1900,PH\DEPTO
"-34,4386612","-58,5566437",886,PH\DEPTO
"-34,4340727","-58,5625322",1529,PH\DEPTO\COCHERA
"-34,4692404","-58,5900321",833,PH\DEPTO\LOCAL
"-34,4456808","-58,5496816",1300,PH\DUPLEX
"-34,4557036","-58,5416346",914,PH\LOCAL
"-34,4450263","-58,5486314",2348,PH\LOCAL
"-34,4422126","-58,5576331",567,PH\LOCAL
"-34,4499093","-58,5560314",631,PH\LOCAL\COCHERA
"-34,4623373","-58,5483338",545,PH\Terreno
"-34,4533697","-58,5540808","359,5",PH-CASA
"-34,4399589","-58,5580991","2239,5",PH-LOCAL
"-34,8511507","-58,3771057",5,Terreno
"-34,4957654","-58,5464368",20,Terreno
"-34,4728829","-58,5972638",263,Terreno
"-34,4726933","-58,5970982",1094,Terreno
"-34,4707254","-58,5949304",668,Terreno
"-34,4616931","-58,5537802",444,Terreno
"-34,4598757","-58,5716155","17,5",Terreno
"-34,459846","-58,5704369",343,Terreno
"-34,4592936","-58,5699636",700,Terreno
"-34,4580866","-58,5676739",310,Terreno
"-34,4539133","-58,5376481",900,Terreno
"-34,453909","-58,547591",547,Terreno
"-34,4537286","-58,5376112",900,Terreno
"-34,452884","-58,531999",1119,Terreno
"-34,4515783","-58,5728861",650,Terreno
"-34,450282","-58,5429656",717,Terreno
"-34,4491739","-58,5338413",744,Terreno
"-34,4482498","-58,5713272",453,Terreno
"-34,4475749","-58,5384511",598,Terreno
"-34,4474207","-58,53645",491,Terreno
"-34,4468629","-58,5611416",673,Terreno
"-34,4455096","-58,5340795",533,Terreno
"-34,4451496","-58,5421844",652,Terreno
"-34,4445037","-58,5434206",622,Terreno
"-34,443864","-58,553033",1212,Terreno
"-34,4435686","-58,5534148",670,Terreno
"-34,4431574","-58,5631421",400,Terreno
"-34,4416795","-58,5541431",811,Terreno
"-34,4416425","-58,5699086",264,Terreno
"-34,4402648","-58,5409833",1348,Terreno
"-34,4311675","-58,5608926",211,Terreno
"-34,4152682","-58,5088023",164,Terreno
"-34,3386177","-58,7972436",17,Terreno
"-34,2854328","-58,5858302",15,Terreno
"-34,2545477","-58,6262158",3,Terreno
"-34,2542524","-58,6444929",14,Terreno
"-34,251339","-58,6489029",23,Terreno
"-34,2498788","-58,6959383","0,67",Terreno
"-34,2490379","-58,6956403",16,Terreno
"-34,2485921","-58,6968327",20,Terreno
"-34,2444329","-58,7071948",15517,Terreno
"-34,2432977","-58,7290816",20,Terreno
"-34,2059955","-58,391886",0,Terreno
"-34,449822","-58,5419476",461,TERRENO S\E
"-34,4412462","-58,5546992",802,TERRENO S\E
"-34,4334409","-58,5539134",416,TERRENO S\E-INMUEBLE S\E
"-34,470858","-58,5949114",639,Terreno\LOCAL
"-34,4552739","-58,5419224",1650,Terreno\LOCAL
"-34,4451892","-58,5481935",1301,Terreno\LOCAL
"-34,4353927","-58,5631203",861,Terreno\LOCAL
"-34,4548345","-58,5409701",983,Terreno-CASA
"-34,4481933","-58,5638209",311,Terreno-CASA
"-34,4465135","-58,5451014",1024,Terreno-CASA
"-34,4507159","-58,5729405","366,67",Terreno-CASA\DEPTO\Terreno
"-34,455234","-58,5607878",561,Terreno-DEPTO
"-34,4574821","-58,5639508",286,Terreno-INMUEBLE S\E
"-34,4542568","-58,5547615",831,Terreno-INMUEBLE S\E
"-34,4493306","-58,5669627","719,67",Terreno-LOCAL
"-34,4640587","-58,5592878",822,TRIPLEX
"-34,4589527","-58,5630679",1043,TRIPLEX
"-34,4521221","-58,5351318",1512,TRIPLEX
"-34,4475216","-58,5294062",2055,TRIPLEX
"-34,4454739","-58,5362472",1947,TRIPLEX
"-34,4440452","-58,5480787",2075,TRIPLEX
"-34,4405427","-58,5614991",1311,TRIPLEX
"-34,4405122","-58,5615989",2261,TRIPLEX
"-34,4516017","-58,5370869",827,TRIPLEX-CASA S\E
